pmid,title
546912,Quantitation of polymethoxylated flavones in orange juice by high-performance liquid chromatography.
1659780,Urinary excretion of lignans and isoflavonoid phytoestrogens in Japanese men and women consuming a traditional Japanese diet.
2757233,"Spectrophotometric determination of tannins in tea and beer samples with iron(III) and 1,10-phenanthroline as reagents."
3383347,Inhibition of N-nitrosobenzylmethylamine metabolism and DNA binding in cultured rat esophagus by ellagic acid.
3425922,Comparison of electrochemical and ultraviolet detection methods in high-performance liquid chromatography for the determination of phenolic compounds commonly found in beers. Part 2. Analysis of beers.
3621152,Ellagic acid metabolism and binding to DNA in organ explant cultures of the rat.
6721155,Chlorogenic acid composition of instant coffees.
7415205,The metabolism of ellagic acid in the rat.
7549805,A simplified method to quantify isoflavones in commercial soybean diets and human urine after legume consumption.
7662591,A urinary profile study of dietary phytoestrogens. The identification and mode of metabolism of new isoflavonoids.
7722188,Urinary isoflavonoid phytoestrogen and lignan excretion after consumption of fermented and unfermented soy products.
7797807,"Vegetables, fruits, and legumes: effect on urinary isoflavonoid phytoestrogen and lignan excretion."
7930998,Determination of lignans and isoflavonoids in human female plasma following dietary supplementation.
7971780,Effect of domestic processing and cooking methods on phytic acid and polyphenol contents of pea cultivars (Pisum sativum).
7975905,Quantitative analysis of caffeic and ferulic acids in oatmeal. Comparison of a conventional method with a stable isotope dilution assay.
8017326,Urinary lignan and isoflavonoid excretion in premenopausal women consuming flaxseed powder.
8067536,Determination of proanthocyanidins and catechins in beer and barley by high-performance liquid chromatography with dual-electrode electrochemical detection.
8198755,High performance liquid chromatographic determination of phenolic acids in fruits and vegetables.
8491829,Analysis of phenolic and flavonoid compounds in juice beverages using high-performance liquid chromatography with coulometric array detection.
8655094,Quantification of genistein and genistin in soybeans and soybean products.
8665689,Daidzein and genistein concentrations in human milk after soy consumption.
8689809,"Flavanone absorption after naringin, hesperidin, and citrus administration."
8785003,Determination of some pharmacologically active phenolic acids in juices by high-performance liquid chromatography.
8789715,"Isotope dilution gas chromatographic-mass spectrometric method for the determination of isoflavonoids, coumestrol, and lignans in food samples."
8833985,An investigation on the extraction and concentration of isoflavones in soy-based products.
8877063,The quantitation of metabolites of quercetin flavonols in human urine.
9103283,Human absorption and excretion of flavonoids after broccoli consumption.
9162309,A simplified method to quantify isoflavones in commercial soybean diets and human urine after legume consumption.
9404057,"Contents of resveratrol, piceid, and their isomers in commercially available wines made from grapes cultivated in Japan."
9492334,HPLC analysis of isoflavonoids and other phenolic agents from foods and from human fluids.
9505801,Lignan and isoflavonoid concentrations in tea and coffee.
9550103,"Quantitative analysis of flavonols, flavones, and flavanones in fruits, vegetables and beverages by high-performance liquid chromatography with photo-diode array and mass spectrometric detection."
9561761,Simultaneous separation of flavanone glycosides and polymethoxylated flavones in citrus juices using liquid chromatography.
9618918,Method for determining the content of catechins in tea infusions by high-performance liquid chromatography.
9675711,The antioxidative substances in cacao liquor.
9772140,"Pharmacokinetics of soybean isoflavones in plasma, urine and feces of men after ingestion of 60 g baked soybean powder (kinako)."
9827549,Intestinal absorption of luteolin and luteolin 7-O-beta-glucoside in rats and humans.
9848518,Isoflavones in human breast milk and other biological fluids.
9848519,Soy isoflavone analysis: quality control and a new internal standard.
9865428,Effects of soy isoflavones on estrogen and phytoestrogen metabolism in premenopausal women.
9950080,Interaction of vitamin C and flavonoids in elderberry (Sambucus nigra L.) during juice processing.
10070768,Quantitative analysis of xanthohumol and related prenylflavonoids in hops and beer by liquid chromatography-tandem mass spectrometry.
10075344,Human metabolism of mammalian lignan precursors in raw and processed flaxseed.
10080647,Solid-phase extraction and gas chromatography-mass spectrometry determination of kaempferol and quercetin in human urine after consumption of Ginkgo biloba tablets.
10338127,Absorption and metabolism of cyanidin 3-O-beta-D-glucoside in rats.
10353226,Liquid chromatography/electrospray ionization mass spectrometric characterization of flavonol glycosides in tomato extracts and human plasma.
10363620,Pharmacokinetics and bioavailability of the flavonol quercetin in humans.
10457459,"Rapid, direct determination of polyphenols in tea by reversed-phase column liquid chromatography."
10460201,Catechin is present as metabolites in human plasma after consumption of red wine.
10465183,Chocolate as a source of tea flavonoids.
10509897,An LC-MS method to determine concentrations of isoflavones and their sulfate and glucuronide conjugates in urine.
10552399,Polyphenolic content in five tuscany cultivars of Olea europaea L.
10552401,Isoflavone levels in soy foods consumed by multiethnic populations in Singapore and Hawaii.
10552542,"Determination of stilbenes (trans-astringin, cis- and trans-piceid, and cis- and trans-resveratrol) in Portuguese wines."
10552547,Isoflavones in retail and institutional soy foods.
10552635,Capillary electrophoretic determination of resveratrol in wines.
10552749,Antioxidant activity of plant extracts containing phenolic compounds.
10552753,"Phenolic constituents, furans, and total antioxidant status of distilled spirits."
10552763,Study of the phenolic profile of cider apple cultivars at maturity by multivariate techniques.
10552782,Effect of various compounds on virgin olive oil stability measured by Rancimat.
10552784,Levels of flavan-3-ols in French wines.
10552788,HPLC method for the quantification of procyanidins in cocoa and chocolate samples and correlation to total antioxidant capacity.
10552821,Effect of processing on the flavonoid content in buckwheat (Fagopyrum esculentum MÃ¶ench) grain.
10552853,Analysis of vervain flavonoids by HPLC/Diode array detector method. Its application to quality control.
10552863,"Antioxidant capacity, vitamin C, phenolics, and anthocyanins after fresh storage of small fruits."
10552879,Antioxidant effectiveness as influenced by phenolic content of fresh orange juices.
10554191,Antioxidant Activity of Berry and Fruit Wines and Liquors.
10554247,Antioxidant Activity of Different Phenolic Fractions Separated from an Italian Red Wine.
10554248,Survey of the Free and Conjugated Myricetin and Quercetin Content of Red Wines of Different Geographical Origins.
10554264,Hydroxycinnamic Acids as Markers of Italian Blood Orange Juices.
10563910,Analytical evaluation of virgin olive oil of first and second extraction.
10563981,Chemical and sensory quality of processed carrot puree as influenced by stress-induced phenolic compounds.
10563995,trans-resveratrol content in commercial peanuts and peanut products.
10564012,"Piceid, the major resveratrol derivative in grape juices."
10606537,"Phenol antioxidant quantity and quality in foods: cocoa, dark chocolate, and milk chocolate."
10606541,Polyphenol profiles of French cider apple varieties (Malus domestica sp.).
10606549,Antioxidant capacity of oat (Avena sativa L.) extracts. 2. In vitro antioxidant activity and contents of phenolic and tocol antioxidants.
10617948,Ingestion of red wine significantly increases plasma phenolic acid concentrations but does not acutely affect ex vivo lipoprotein oxidizability.
10617953,(+)-Catechin in human plasma after ingestion of a single serving of reconstituted red wine.
10622405,Biotransformation of genistein in the rat: elucidation of metabolite structure by product ion mass fragmentology.
10637051,Mass spectrometric identification and high-performance liquid chromatographic determination of a flavonoid glycoside naringin in human urine.
10691606,"Antioxidant activity in fruits and leaves of blackberry, raspberry, and strawberry varies with cultivar and developmental stage."
10691607,Low-density lipoprotein antioxidant activity of phenolic compounds and polyphenol oxidase activity in selected clingstone peach cultivars.
10691619,"Relationship among antioxidant activity, vasodilation capacity, and phenolic content of red wines."
10692578,Olive oil phenolics are dose-dependently absorbed in humans.
10694773,Iodine content in drinking water and other beverages in Denmark.
10722101,Study of polyphenols in grape berries by reversed-phase high-performance liquid chromatography.
10725114,Structural identification of two metabolites of catechins and their kinetics in human urine and blood after tea ingestion.
10725141,Polyphenol content and total antioxidant activity of vini novelli (young red wines).
10725166,Frozen storage effects on anthocyanins and volatile compounds of raspberry fruit.
10727812,Variance of common flavonoids by brand of grapefruit juice.
10752646,Hippuric acid as a major excretion product associated with black tea consumption.
10763246,Identification and quantification of flavonoids in human urine samples by column-switching liquid chromatography coupled to atmospheric pressure chemical ionization mass spectrometry.
10768410,Optimum domestic processing and cooking methods for reducing the polyphenolic (antinutrient) content of pigeon peas.
10775379,Occurrence of resveratrol in edible peanuts.
10794612,Effect of postharvest storage and processing on the antioxidant constituents (flavonoids and vitamin C) of fresh-cut spinach.
10794622,"Content of the flavonols quercetin, myricetin, and kaempferol in 25 edible berries."
10794642,Phenolic composition of kiwifruit juice.
10798213,Interindividual variation in metabolism of soy isoflavones and lignans: influence of habitual diet on equol production by the gut microflora.
10812937,"Content of CYP3A4 inhibitors, naringin, naringenin and bergapten in grapefruit and grapefruit juice products."
10820084,Changes in phytochemical and antioxidant activity of selected pepper cultivars (Capsicum species) as influenced by maturity.
10820089,"Catechin contents of foods commonly consumed in The Netherlands. 1. Fruits, vegetables, staple foods, and processed foods."
10820090,"Catechin contents of foods commonly consumed in The Netherlands. 2. Tea, wine, fruit juices, and chocolate milk."
10888490,Antioxidant activity and total phenolics in selected cereal grains and their different morphological fractions.
10888531,Reliability of analytical methods for determining anthocyanins in blood orange juices.
10888536,Gallic acid metabolites are markers of black tea intake in humans.
10898604,Occurrence of flavonols in tomatoes and tomato-based products.
10898635,Analysis of phenolic compounds in the evaluation of commercial quince jam authenticity.
10898644,Oxidative metabolites of the mammalian lignans enterodiol and enterolactone in rat bile and urine.
10905727,Spectrophotometric and coulometric detection in the high-performance liquid chromatography of flavonoids and optimization of sample treatment for the determination of quercetin in orange juice.
10938233,Accumulation of quercetin conjugates in blood plasma after the short-term ingestion of onion by women.
10952094,Soy consumption alters endogenous estrogen metabolism in postmenopausal women.
10956077,Potential antioxidants in beer assessed by ESR spin trapping.
10956094,Identification and antioxidant activity of flavonoid metabolites in plasma and urine of eriocitrin-treated rats.
10958827,Urinary composition and postprandial blood changes in H-secoisolariciresinol diglycoside (SDG) metabolites in rats do not differ between acute and chronic SDG treatments.
10995297,"Effect of variety, processing, and storage on the flavonoid glycoside content and composition of lettuce and endive."
10995303,Chemical characterization of asturian cider.
10995312,Quantitation of the lignan secoisolariciresinol diglucoside in baked goods containing flax seed or flax meal.
11002128,Daidzein and genistein content of fruits and nuts.
11032478,"Content of the flavonols myricetin, quercetin, and kaempferol in finnish berry wines."
11032481,Content of phenolic acids and ferulic acid dehydrodimers in 17 rye (Secale cereale L.) varieties.
11032486,Influence of domestic processing and storage on flavonol contents in berries.
11045796,Flaxseed influences urinary lignan excretion in a dose-dependent manner in postmenopausal women.
11052701,"Ellagic acid, vitamin C, and total phenolic contents and radical scavenging capacity affected by freezing and frozen storage in raspberry fruit."
11052704,Antioxidant activity of pomegranate juice and its relationship with phenolic composition and processing.
11052725,Phlorin screening in various citrus species and varieties.
11052726,Identification by HPLC-DAD and HPLC-MS analyses and quantification of constituents of fennel teas and decoctions.
11071370,Effects of ellagic acid by oral administration on N-acetylation and metabolism of 2-aminofluorene in rat brain tissues.
11078589,Extraction and quantification of lignan phytoestrogens in food and human samples.
11087455,Rapid and complete extraction of phenols from olive oil and determination by means of a coulometric electrode array system.
11087462,HPLC method for analysis of secoisolariciresinol diglucoside in flaxseeds.
11087482,Quantitative analysis of flavan-3-ols in Spanish foodstuffs and beverages.
11087483,Phenolics and betacyanins in red beetroot (Beta vulgaris) root: distribution and effect of cold storage on the content of total phenolics and three individual compounds.
11087484,Polyphenolic composition of raisins.
11087509,Flavonoids in pigmented orange juice and second-pressure extracts.
11087511,"Identification, quantitative determination, and antioxidative activities of chlorogenic acid isomers in prune (Prunus domestica L. )."
11095986,Olive oils rich in natural catecholic phenols decrease isoprostane excretion in humans.
11141271,Retention and changes of soy isoflavones and carotenoids in immature soybean seeds (Edamame) during processing.
11170614,Degradation of green tea catechins in tea drinks.
11177180,Cocoa powder enhances the level of antioxidative activity in rat plasma.
11210120,"Analyses of polyphenols in cacao liquor, cocoa, and chocolate by normal-phase and reversed-phase HPLC."
11261721,Determination of phenolic acids and flavonoids of apple and pear by high-performance liquid chromatography.
11262055,"Comparative contents of dietary fiber, total phenolics, and minerals in persimmons and apples."
11262068,In vitro availability of flavonoids and other phenolics in orange juice.
11264904,"Hydroxytyrosol, as a component of olive mill waste water, is dose- dependently absorbed and increases the antioxidant capacity of rat plasma."
11312761,Determination of flavonoids in plant material by HPLC with diode-array and electro-array detections.
11312801,Influence of jam processing on the radical scavenging activity and phenolic content in berries.
11312807,Resveratrol and piceid levels in natural and blended peanut butters.
11312873,"Comparison of volatiles, phenolics, sugars, antioxidant vitamins, and sensory quality of different colored carrot varieties."
11330794,Separation of phenolic compounds by high-performance liquid chromatography with absorbance and fluorimetric detection.
11333846,Anthocyanins are absorbed in glycated forms in elderly women: a pharmacokinetic study.
11352873,"Correspondence re: A. M. Hutchins et al., Flaxseed influences urinary lignan excretion in a dose-dependent manner in post-menopausal women. Cancer Epidemiol. Biomark. Prev., 9: 1113-1118, 2000."
11353745,Formation and identification of 4'-O-methyl-(-)-epigallocatechin in humans.
11355837,Separation and determination of flavonoids and other phenolic compounds in cranberry juice by high-performance liquid chromatography.
11361045,Pharmacokinetics and bioavailability of quercetin glycosides in humans.
11368580,Oxygen radical absorbance capacity (ORAC) and phenolic and anthocyanin concentrations in fruit and leaf tissues of highbush blueberry.
11368919,Novel biomarkers of the metabolism of caffeic acid derivatives in vivo.
11397446,The phenolic fraction of maize bran: evidence for lignin-heteroxylan association.
11400362,"Measurement of trans-resveratrol, (+)-catechin, and quercetin in rat and human blood and urine by gas chromatography with mass selective detection."
11400478,"Spectrophotometric determination of the tannin contents of various Turkish black tea, beer and wine samples."
11409941,Analysis of urinary metabolites of tea catechins by liquid chromatography/electrospray ionization mass spectrometry.
11409982,Metabolism of phenolic compounds during loquat fruit development.
11410004,Oxidative metabolism of the soy isoflavones daidzein and genistein in humans in vitro and in vivo.
11410016,"Flavonoid (myricetin, quercetin, kaempferol, luteolin, and apigenin) content of edible tropical plants."
11412007,Capillary gas chromatography-mass spectrometry quantitative determination of hydroxytyrosol and tyrosol in human urine after olive oil intake.
11435510,Quercetin glucuronides but not glucosides are present in human plasma after consumption of quercetin-3-glucoside or quercetin-4'-glucoside.
11452132,Disposition and biotransformation of the estrogenic isoflavone daidzein in rats.
11453762,Flavonol content varies among black currant cultivars.
11453773,Antioxidant capacities and phenolics levels of French wines from different varieties and vintages.
11486883,Analysis of phenolic constituents of biological interest in red wines by high-performance liquid chromatography.
11513636,"Activity and concentration of polyphenolic antioxidants in apple: effect of cultivar, harvest year, and storage conditions."
11513642,Effect of processing and storage on the antioxidant ellagic acid derivatives and flavonoids of red raspberry (Rubus idaeus) jams.
11513662,Determination of polyphenolic profiles of Basque cider apple varieties using accelerated solvent extraction.
11513697,Characterization of phenolic compounds in virgin olive oil and their effect on the formation of carcinogenic/mutagenic heterocyclic amines in a model system.
11513713,Berry phenolics and their antioxidant activity.
11513715,"Antioxidant effects of phenolic rye (Secale cereale L.) extracts, monomeric hydroxycinnamates, and ferulic acid dehydrodimers on human low-density lipoproteins."
11530986,Analysis of theaflavins in biological fluids using liquid chromatography-electrospray mass spectrometry.
11559107,Determination of anthocyanidins in berries and red wine by high-performance liquid chromatography.
11559137,Analysis of phenolic acids in barley by high-performance liquid chromatography.
11570016,Antioxidant activity of some foods containing phenolic compounds.
11600016,"Multivariate methods for characterization and classification of espresso coffees from different botanical varieties and types of roast by foam, taste, and mouthfeel."
11600017,"HPLC-DAD-ESIMS analysis of phenolic compounds in nectarines, peaches, and plums."
11600031,Occurrence of anthocyanin-derived pigments in red wines.
11600054,Effect of plant growth temperature on antioxidant capacity in strawberry.
11605763,Determination of flavonoids and stilbenes in red wine and related biological products by HPLC and HPLC-ESI-MS-MS.
11694613,"In vivo comparison of the bioavailability of (+)-catechin, (-)-epicatechin and their mixture in orally administered rats."
11714298,Antioxidant activity and phenolic compounds in selected herbs.
11714326,Factors affecting the caffeine and polyphenol contents of black and green tea infusions.
11735087,Urinary excretion of olive oil phenols and their metabolites in humans.
11743807,Absorption and urinary excretion of (-)-epicatechin after administration of different levels of cocoa powder or (-)-epicatechin in rats.
11767157,"Determination of isoflavones in soy and selected foods containing soy by extraction, saponification, and liquid chromatography: collaborative study."
11804523,"Anthocyanins, phenolics, and antioxidant capacity in diverse small fruits: vaccinium, rubus, and ribes."
11804530,"Total phenol, catechin, and caffeine contents of teas commonly consumed in the United kingdom."
11811545,Human metabolism of dietary flavonoids: identification of plasma metabolites of quercetin.
11823574,"Polyphenols from alcoholic apple cider are absorbed, metabolized and excreted by humans."
11853484,Changes occurring in phenolic compounds and alpha-tocopherol of virgin olive oil during storage.
11853511,Characterization of major anthocyanins and the color of red-fleshed Budd Blood orange (Citrus sinensis).
11853516,Identification and quantification of low molecular weight phenolic antioxidants in seeds of evening primrose (Oenothera biennis L.).
11855623,Nutritional composition and antinutritional factors of chickpeas (Cicer arietinum L.) undergoing different cooking methods and germination.
11902931,Flavonoid and carbohydrate contents in Tropea red onions: effects of homelike peeling and storage.
11902955,Levels of stilbene oligomers and astilbin in French varietal wines and in grapes during noble rot development.
11909632,Proanthocyanidin glycosides and related polyphenols from cacao liquor and their antioxidant effects.
11929304,"Structural characterization of the metabolites of hydroxytyrosol, the principal phenolic component in olive oil, in rats."
11929309,Phenolic compounds and antioxidant capacity of Georgia-grown blueberries and blackberries.
11958623,"Effects of storage conditions on furocoumarin levels in intact, chopped, or homogenized parsnips."
11958626,Influence of cultivar on quality parameters and chemical composition of strawberry fruits grown in Brazil.
11958644,Characterization of isoflavones and their conjugates in female rat urine using LC/MS/MS.
11982434,Thermal processing enhances the nutritional value of tomatoes by increasing total antioxidant activity.
11982438,Sulfated ferulic acid is the main in vivo metabolite found after short-term ingestion of free ferulic acid in rats.
12010007,Plant foods and herbal sources of resveratrol.
12033817,Antioxidant activity and phenolic content of Oregon caneberries.
12033823,Chemical composition and flavor of ecuadorian cocoa liquor.
12044949,Bioavailablility of elderberry anthocyanins.
12059140,Determination of free and total phenolic acids in plant-derived foods by HPLC with diode-array detection.
12059141,"Improved HPLC method for the determination of curcumin, demethoxycurcumin, and bisdemethoxycurcumin."
12059143,Biophenols in table olives.
12059161,"Separation, characterization, and quantitation of benzoic and phenolic antioxidants in American cranberry fruit by GC-MS."
12065739,"Metabolism and disposition of resveratrol in rats: extent of absorption, glucuronidation, and enterohepatic recirculation evidenced by a linked-rat model."
12086692,Absorption and urinary excretion of procyanidin B2 [epicatechin-(4beta-8)-epicatechin] in rats.
12097661,Absorption and metabolism of anthocyanins in elderly women after consumption of elderberry or blueberry.
12126761,Inhibition of cancer growth by resveratrol is related to its low bioavailability.
12137485,Phenolic profile of quince fruit (Cydonia oblonga Miller) (pulp and peel).
12180131,Effects of food processing on flavonoids and lycopene status in a Mediterranean tomato variety.
12184788,"Identification and characterization of methylated and ring-fission metabolites of tea catechins formed in humans, mice, and rats."
12188629,"Effect of freezing and storage on the phenolics, ellagitannins, flavonoids, and antioxidant capacity of red raspberries."
12207465,Steryl phenolic acid esters in cereals and their milling fractions.
12207471,Flavonoids and antioxidant capacity of Georgia-grown Vidalia onions.
12236700,Varietal differences among the polyphenol profiles of seven table grape cultivars studied by LC-DAD-MS-MS.
12236707,Absorption of phenolic acids in humans after coffee consumption.
12270200,Determination of matairesinol in flax seed by HPLC with coulometric electrode array detection.
12270222,Structural determinants of plant lignans for the formation of enterolactone in vivo.
12324293,Procyanidin dimer B2 [epicatechin-(4beta-8)-epicatechin] in human plasma after the consumption of a flavanol-rich cocoa.
12358455,Antioxidant capacity and phenolic content of spinach as affected by genetics and growing season.
12358461,Induction of antioxidant flavonol biosynthesis in fresh-cut potatoes. Effect of domestic cooking.
12358499,Antioxidant activity of grains.
12381107,Distribution of conjugated and free phenols in fruits: antioxidant activity and cultivar variations.
12381146,Cultural system affects fruit quality and antioxidant capacity in strawberries.
12381375,Measurement of intact sulfate and glucuronide phytoestrogen conjugates in human urine using isotope dilution liquid chromatography-tandem mass spectrometry with [13C(3)]isoflavone internal standards.
12405780,Phenolic compounds profile of cornicabra virgin olive oil.
12405795,Determination of flavonol metabolites in plasma and tissues of rats by HPLC-radiocounting and tandem mass spectrometry following oral ingestion of [2-(14)C]quercetin-4'-glucoside.
12405796,Antioxidant and antiproliferative activities of common vegetables.
12428946,Antioxidant activity in common beans (Phaseolus vulgaris L.).
12452634,Activity and concentration of polyphenolic antioxidants in apple juice. 1. Effect of existing production methods.
12452674,Antioxidant and antiproliferative activities of common fruits.
12488137,Uptake and metabolism of epicatechin and its access to the brain after oral ingestion.
12516885,Black tea represents a major source of dietary phenolics among regular tea drinkers.
12517117,"Oxygen radical absorbing capacity of phenolics in blueberries, cranberries, chokeberries, and lingonberries."
12523673,"Human, rat, and mouse metabolism of resveratrol."
12535837,Liquid chromatography-tandem mass spectrometry analysis of oleuropein and its metabolite hydroxytyrosol in rat plasma and urine after oral administration.
12537419,Quantification of the predominant monomeric catechins in baking chocolate standard reference material by LC/APCI-MS.
12537428,Avenanthramides in oats (Avena sativa L.) and structure-antioxidant activity relationships.
12537435,Effects of cultivar and processing method on the contents of catechins and procyanidins in grape juice.
12537439,Changes in phenolic composition and antioxidant activity of virgin olive oil during frying.
12550072,"Comparative content of some bioactive compounds in apples, peaches and pears and their influence on lipids and antioxidant capacity in rats."
12566484,Microbial aromatic acid metabolites formed in the gut account for a major fraction of the polyphenols excreted in urine of rats fed red wine polyphenols.
12590461,"Comparison of the total phenolic and ascorbic acid content of freeze-dried and air-dried marionberry, strawberry, and corn grown using conventional, organic, and sustainable agricultural practices."
12592675,The metabolism of dietary polyphenols and the relevance to circulating levels of conjugated metabolites.
12594538,"Evaluation of the bioavailability and metabolism in the rat of punicalagin, an antioxidant polyphenol from pomegranate juice."
12597624,Determination of daidzein and genistein in soybean foods by automated on-line in-tube solid-phase microextraction coupled to high-performance liquid chromatography.
12617582,Determination of free phenolic acids in wort and beer by coulometric array detection.
12654472,Structures of (-)-epicatechin glucuronide identified from plasma and urine after oral ingestion of (-)-epicatechin: differences between human and rat.
12659724,"Isolation, structure elucidation and antioxidant potential of the major phenolic and flavonoid compounds in brined olive drupes."
12663291,Chocolate intake increases urinary excretion of polyphenol-derived phenolic acids in healthy human subjects.
12670152,Composition and stability of anthocyanins in blue-grained wheat.
12670160,Polyphenols and antioxidant capacity of vegetables under fresh and frozen conditions.
12696932,Quantitative changes in phenolic content during physiological development of the olive (Olea europaea) cultivar Hardy's Mammoth.
12696980,Possible role of plant phenolics in the production of trichothecenes by Fusarium graminearum strains on different fractions of maize kernels.
12720368,Detection of phloridzin in strawberries (Fragaria x ananassa Duch.) by HPLC-PDA-MS/MS and NMR spectroscopy.
12720386,Influence of industrial processing on orange juice flavanone solubility and transformation to chalcones under gastrointestinal conditions.
12720387,Health-promoting compounds in broccoli as influenced by refrigerated transport and retail sale period.
12720412,Phenolic composition of champagnes from Chardonnay and Pinot Noir vintages.
12725654,Phyto-oestrogen database of foods and average intake in Finland.
12730413,Strawberry anthocyanins are recovered in urine as glucuro- and sulfoconjugates in humans.
12744283,Antioxidant properties of commercial alcoholic and nonalcoholic beverages.
12744660,Stoichiometric and kinetic studies of phenolic antioxidants from Andean purple corn and red-fleshed sweetpotato.
12744665,Chemometric studies of vinegars from different raw materials and processes of production.
12744688,Repeated oral administration of high doses of the pomegranate ellagitannin punicalagin to rats for 37 days is not toxic.
12747223,Influence of cooking process on phenolic marker compounds of vegetables.
12765992,Hydroxytyrosol disposition in humans.
12769519,Flavonoids detection by HPLC-DAD-MS-MS in lemon juices from Sicilian cultivars.
12769544,From plums to prunes: influence of drying parameters on polyphenols and antioxidant activity.
12771321,"Chlorogenic acid, quercetin-3-rutinoside and black tea phenols are extensively metabolized in humans."
12771329,Chlorogenic acid bioavailability largely depends on its metabolism by the gut microflora in rats.
12822955,Alkylresorcinols in cereals and cereal products.
12848490,Structure-antioxidant efficiency relationships of phenolic compounds and their contribution to the antioxidant activity of sea buckthorn juice.
12888646,Hydroxytyrosol excretion differs between rats and humans and depends on the vehicle of administration.
12895537,A dehydrotrimer of ferulic acid from maize bran.
12926907,Processing of sorghum (Sorghum bicolor) and sorghum products alters procyanidin oligomer and polymer distribution and content.
12926909,Phenol antioxidant quantity and quality in foods: beers and the effect of two types of beer on an animal model of atherosclerosis.
12926915,Identification of metabolites of (-)-epicatechin gallate and their metabolic fate in the rat.
13129286,Resveratrol in raw and baked blueberries and bilberries.
13129302,"Effect of cultivar and growing location on the trypsin inhibitors, tannins, and lectins of common beans (Phaseolus vulgaris L.) grown in the semiarid highlands of Mexico."
14518773,"Fast separation and determination of tyrosol, hydroxytyrosol and other phenolic compounds in extra-virgin olive oil by capillary zone electrophoresis with ultraviolet-diode array detection."
14518950,Variability of the polyphenolic composition of cider apple (Malus domestica) fruits and juices.
14518953,Vitisin A content in Chilean wines from Vitis vinifera Cv. Cabernet Sauvignon and contribution to the color of aged red wines.
14518966,Polyphenolic profiles in eight apple cultivars using high-performance liquid chromatography (HPLC).
14521311,High-performance liquid chromatographic analysis of secoisolariciresinol diglucoside and hydroxycinnamic acid glucosides in flaxseed by alkaline extraction.
14556848,Metabolism of dietary procyanidins in rats.
14558765,"Monomeric, oligomeric, and polymeric flavan-3-ol composition of wines and grapes from Vitis vinifera L. Cv. Graciano, Tempranillo, and Cabernet Sauvignon."
14558771,Quantification of polyphenolics and their antioxidant capacity in fresh plums.
14558772,Major phenolics in apple and their contribution to the total antioxidant capacity.
14582960,"Sterol ferulates, sterols, and 5-alk(en)ylresorcinols from wheat, rye, and corn bran oils and their inhibitory effects on Epstein-Barr virus activation."
14582969,High-performance liquid chromatography (HPLC) analysis of phenolic compounds in berries with diode array and electrospray ionization mass spectrometric (MS) detection: ribes species.
14640564,Contribution of individual polyphenolics to total antioxidant capacity of plums.
14640573,Cocoa has more phenolic phytochemicals and a higher antioxidant capacity than teas and red wine.
14640582,Effect of extraction method on the concentrations of selected bioactive compounds in mandarin juice.
14690386,Proanthocyanidin composition in the seed coat of lentils (Lens culinaris L.).
14690398,Superoxide radical scavenging activity of the major polyphenols in fresh plums.
14698210,"Metabolism of the soy isoflavones daidzein, genistein and glycitein in human subjects. Identification of new metabolites having an intact isoflavonoid skeleton."
14705874,Anthocyanin glycosides from berry fruit are absorbed and excreted unmetabolized by both humans and rats.
14705882,Alkylperoxyl radical scavenging activity of red leaf lettuce (Lactuca sativa L.) phenolics.
14705898,Changes during storage in conventional and ecological wine: phenolic content and antioxidant activity.
14709018,Nutrients and antioxidant molecules in yellow plums (Prunus domestica L.) from conventional and organic productions: a comparative study.
14709023,Antioxidant capacity and phenolic content in leaf extracts of tree spinach (Cnidoscolus spp.).
14733499,GC-MS determination of flavonoids and phenolic and benzoic acids in human plasma after consumption of cranberry juice.
14738930,"LC-MS/MS determination of naringin, hesperidin and neohesperidin in rat serum after orally administrating the decoction of Bulpleurum falcatum L. and Fractus aurantii."
14747687,Urinary total flavonoid excretion but not 4-pyridoxic acid or potassium can be used as a biomarker for the intake of fruits and vegetables.
14756917,Phenolic acid metabolites as biomarkers for tea- and coffee-derived polyphenol exposure in human subjects.
14759139,Investigations on anthocyanins in wines from Vitis vinifera cv. pinotage: factors influencing the formation of pinotin A and its correlation with wine age.
14759143,Effect of ripeness and postharvest storage on the phenolic profiles of Cherries (Prunus avium L.).
14760392,"Pharmacokinetics in mice and growth-inhibitory properties of the putative cancer chemopreventive agent resveratrol and the synthetic analogue trans 3,4,5,4'-tetramethoxystilbene."
14969553,"Urinary and plasma levels of resveratrol and quercetin in humans, mice, and rats after ingestion of pure compounds and grape juice."
14988456,Concentrations of proanthocyanidins in common foods and estimations of normal consumption.
14995109,Flavonoids in vegetable foods commonly consumed in Brazil and estimated ingestion by the Brazilian population.
14995140,Content of free phenolic compounds in cultivars of potatoes harvested in Tenerife (Canary Islands).
15019191,"Antimutagenic, antioxidant and free radical scavenging activity of ethyl acetate extracts from white, yellow and red onions."
15019977,Absorption and metabolism of delphinidin 3-O-beta-D-glucopyranoside in rats.
15030215,Phenolic composition of strawberry genotypes at different maturation stages.
15113171,Studies of the in vitro intestinal metabolism of isoflavones aid in the identification of their urinary metabolites.
15137818,HPLC-MSn analysis of phenolic compounds and purine alkaloids in green and black tea.
15137839,Polyphenolic profiles of Basque cider apple cultivars and their technological properties.
15137871,Content and profile of flavanoid and phenolic acid compounds in conjunction with the antioxidant capacity for a variety of northwest Vaccinium berries.
15171918,Determination of isoflavones in soybean food and human urine using liquid chromatography with electrochemical detection.
15186086,Identification of puerarin and its metabolites in rats by liquid chromatography-tandem mass spectrometry.
15186105,Germplasm characterization of Zolfino landraces (Phaseolus vulgaris L.) by flavonoid content.
15186108,Characterization and quantitation of antioxidant constituents of sweet pepper (Capsicum annuum L.).
15186133,Lipophilic and hydrophilic antioxidant capacities of common foods in the United States.
15212450,Contribution of the phenolic fraction to the antioxidant activity and oxidative stability of olive oil.
15223595,Antioxidant properties of raw and processed cabbages.
15228048,Anthocyanin metabolites in human urine and serum.
15233525,Development of a quantitative high-performance liquid chromatography-photodiode array detection measurement system for phenolic acids.
15264904,"Resveratrol, pterostilbene, and piceatannol in vaccinium berries."
15264914,"Effect of drying conditions and storage period on polyphenolic content, antioxidant capacity, and ascorbic acid of prunes."
15277754,Absorption of acylated anthocyanins in rats and humans after ingesting an extract of Ipomoea batatas purple sweet potato tuber.
15291496,Antioxidant phenols in barley (Hordeum vulgare L.) flour: comparative spectrophotometric study among extraction methods of free and bound phenolic compounds.
15309457,"Absorption, metabolism, degradation and urinary excretion of rosmarinic acid after intake of Perilla frutescens extract in humans."
15309458,"Effect of domestic cooking on human bioavailability of naringenin, chlorogenic acid, lycopene and beta-carotene in cherry tomatoes."
15315361,Separation of flavanone-7-O-glycoside diastereomers and analysis in citrus juices by multidimensional liquid chromatography coupled with mass spectrometry.
15315376,Determination of piceid and resveratrol in Spanish wines deriving from Monastrell (Vitis vinifera L.) grape variety.
15321810,Influence of 10 wk of soy consumption on plasma concentrations and excretion of isoflavonoids and on gut microflora metabolism in healthy adults.
15333514,High absorption but very low bioavailability of oral resveratrol in humans.
15369737,Bioavailability of ellagic acid in human plasma after consumption of ellagitannins from pomegranate (Punica granatum L.) juice.
15373419,"trans-Resveratrol, quercetin, (+)-catechin, and (-)-epicatechin content in south Italian monovarietal wines: relationship with maceration time and marc pressing during winemaking."
15378898,High-performance thin-layer chromatographic-densitometric determination of secoisolariciresinol diglucoside in flaxseed.
15453684,Identification and quantification of phenolic compounds in berries of Fragaria and Rubus species (family Rosaceae).
15465754,Pelargonidin is absorbed and metabolized differently than cyanidin after marionberry consumption in pigs.
15479014,Influence of organic versus conventional agricultural practice on the antioxidant microconstituent content of tomatoes and derived purees; consequences on antioxidant plasma status in humans.
15479019,Quantitation of polyphenols in different apple varieties.
15479036,Identification and quantification of the conjugated metabolites derived from orally administered hesperidin in rat plasma.
15490130,Simultaneous determination of multiple constituents in real beer samples of different origins by capillary zone electrophoresis.
15506801,Sensitive determination of phenolic acids in extra-virgin olive oil by capillary zone electrophoresis.
15506802,Identification of flavonoids in Hakmeitau beans (Vigna sinensis) by high-performance liquid chromatography-electrospray mass spectrometry (LC-ESI/MS).
15506817,Varietal differences in phenolic content and antioxidant and antiproliferative activities of onions.
15506818,Metabolic profiling of flavonol metabolites in human urine by liquid chromatography and tandem mass spectrometry.
15506819,Identification of urinary metabolites of the red clover isoflavones formononetin and biochanin A in human subjects.
15537313,Qualitative and semiquantitative analysis of phenolic compounds in extra virgin olive oils as a function of the ripening degree of olive fruits by different analytical techniques.
15537315,Comparison of anthocyanin pigment and other phenolic compounds of Vaccinium membranaceum and Vaccinium ovatum native to the Pacific Northwest of North America.
15539312,Comparative content of total polyphenols and dietary fiber in tropical fruits and persimmon.
15553142,Development of a rapid method based on solid-phase extraction and liquid chromatography with ultraviolet absorbance detection for the determination of polyphenols in alcohol-free beers.
15553144,Determination of anthocyanins in wine by direct injection liquid chromatography-diode array detection-mass spectrometry and classification of wines using discriminant analysis.
15556546,Urinary excretion of lignans after administration of isolated plant lignans to rats: the effect of single dose and ten-day exposures.
15565223,Screening flavonoid metabolites of naringin and narirutin in urine after human consumption of grapefruit juice by LC-MS and LC-MS/MS.
15595664,Flavonoid metabolites in human plasma and urine after the consumption of red onions: analysis by liquid chromatography with photodiode array and full scan tandem mass spectrometric detection.
15602765,On-line high-performance liquid chromatography analysis of the antioxidant activity of phenolic compounds in green and black tea.
15612766,"Characterization of anthocyanins and proanthocyanidins in some cultivars of Ribes, Aronia, and Sambucus and their antioxidant capacity."
15612791,"Influence of cultivar, maturity, and sampling on blackberry (Rubus L. Hybrids) anthocyanins, polyphenolics, and antioxidant properties."
15612824,Alkylresorcinols as markers of whole grain wheat and rye in cereal products.
15638153,Determination of anthocyanins and related components in red wines by micro- and capillary HPLC.
15640488,Consumption of both black tea and green tea results in an increase in the excretion of hippuric acid into urine.
15656654,"Metabolism of antioxidant and chemopreventive ellagitannins from strawberries, raspberries, walnuts, and oak-aged wine in humans: identification of biomarkers and individual variability."
15712520,"Determination of unusual soya and non-soya phytoestrogen sources in beer, fish products and other foods."
15713026,"Secoiridoids, tocopherols, and antioxidant activity of monovarietal extra virgin olive oils extracted from destoned fruits."
15713039,RP-HPLC analysis of the phenolic compounds of plant extracts. investigation of their antioxidant capacity and antimicrobial activity.
15740013,Contribution of chlorogenic acids to the iron-reducing activity of coffee beverages.
15740032,Effect of roasting on the formation of chlorogenic acid lactones in coffee.
15740069,Antioxidant activity of the main phenolic compounds isolated from hot pepper fruit (Capsicum annuum L).
15763957,The differential tissue distribution of the citrus flavanone naringenin following gastric instillation.
15769144,Phenolic acid profiles in some small berries.
15769171,Phytochemicals and antioxidant activity of milled fractions of different wheat varieties.
15788119,"Antioxidant capacity of vegetables, spices and dressings relevant to nutrition."
15796573,Authentication and quantitative analysis on the chemical profile of cassia bark (cortex cinnamomi) by high-pressure liquid chromatography.
15796608,Antioxidant properties of roasted coffee residues.
15802385,"Metabolic profile of 1,5-dicaffeoylquinic acid in rats, an in vivo and in vitro study."
15826037,Phenolic compounds in external leaves of tronchuda cabbage (Brassica oleracea L. var. costata DC).
15826058,Rapid tests to assess the antioxidant activity of Phaseolus vulgaris L. dry beans.
15830336,Bioavailability of trans-resveratrol from red wine in humans.
15833931,Disposition and metabolism of [2-14C]quercetin-4'-glucoside in rats.
15853413,Inhibition of induced DNA oxidative damage by beers: correlation with the content of polyphenols and melanoidins.
15877880,"Lignan contents of Dutch plant foods: a database including lariciresinol, pinoresinol, secoisolariciresinol and matairesinol."
15884815,"Anthocyanin metabolism in rats and their distribution to digestive area, kidney, and brain."
15913291,"Characterization and quantification of phenolic compounds in olive oils by solid-phase extraction, HPLC-DAD, and HPLC-MS/MS."
15941324,"Phenolic profiles of raw apricots, pumpkins, and their purees in the evaluation of apricot nectar and jam authenticity."
15941352,Phenolic antioxidants richly contained in corn bran are slightly bioavailable in rats.
15941353,Literature data may underestimate the actual antioxidant capacity of cereals.
15969493,Bioavailability and antioxidant effects of orange juice components in humans.
15969499,Antioxidant activity of ethanolic extracts from several asparagus cultivars.
15991215,Polyphenol profiles of apple juices.
15998130,"Determination of stilbenes (delta-viniferin, trans-astringin, trans-piceid, cis- and trans-resveratrol, epsilon-viniferin) in Brazilian wines."
16013818,Co-electroosmotic capillary electrophoresis determination of phenolic acids in commercial olive oil.
16013828,RP-HPLC analysis of phenolic compounds and flavonoids in beverages and plant extracts using a CoulArray detector.
16076096,"Development of a sensitive and specific solid phase extraction--gas chromatography-tandem mass spectrometry method for the determination of elenolic acid, hydroxytyrosol, and tyrosol in rat urine."
16076123,"Phenolic acids, syringaldehyde, and juglone in fruits of different cultivars of Juglans regia L."
16076138,Characterization of phenolic profiles of Northern European berries by capillary electrophoresis and determination of their antioxidant activity.
16076140,Evaluation of the phenolic content in the aerial parts of different varieties of Cichorium intybus L.
16104804,Phenolic compounds and antioxidant activity of sorghum grains of varying genotypes.
16115350,"The absorption, metabolism and excretion of flavan-3-ols and procyanidins following the ingestion of a grape seed extract by rats."
16131148,Extended glucuronidation is another major path of cyanidin 3-O-beta-D-glucopyranoside metabolism in rats.
16159191,"Comparison of antioxidant activity, anthocyanins, carotenoids, and phenolics of three native fresh and sun-dried date (Phoenix dactylifera L.) varieties grown in Oman."
16167367,Electrophoretic identification and quantitation of compounds in the polyphenolic fraction of extra-virgin olive oil.
16172180,Pharmacokinetics of anthocyanins and ellagic acid in healthy volunteers fed freeze-dried black raspberries daily for 7 days.
16177206,Aglycones and sugar moieties alter anthocyanin absorption and metabolism after berry consumption in weanling pigs.
16190623,Blackberry anthocyanins are mainly recovered from urine as methylated and glucuronidated conjugates in humans.
16190627,Antioxidant capacity of 26 spice extracts and characterization of their phenolic constituents.
16190670,Discrimination of olive oils and fruits into cultivars and maturity stages based on phenolic and volatile compounds.
16197573,Polyphenol levels in human urine after intake of six different polyphenol-rich beverages.
16218660,Red chicories as potent scavengers of highly reactive radicals: a study on their phenolic composition and peroxyl radical trapping capacity and efficiency.
16218677,"Contents of phenolic acids, alkyl- and alkenylresorcinols, and avenanthramides in commercial grain products."
16233995,Identification and determination of major flavonoids in rat serum by HPLC-UV and HPLC-MS methods following oral administration of Dalbergiaodorifera extract.
16242314,Phenolic acids from beer are absorbed and extensively metabolized in humans.
16243591,Identification of the major metabolites of resveratrol in rat urine by HPLC-MS/MS.
16248562,Antioxidant capacity and phenolic content of spinach as affected by genetics and maturation.
16251615,Anthocyanins exist in the circulation primarily as metabolites in adult men.
16277412,Influence of two fertilization regimens on the amounts of organic acids and phenolic compounds of tronchuda cabbage (Brassica oleracea L. Var. costata DC).
16289985,LC/MS/MS quantitation assay for pharmacokinetics of naringenin and double peaks phenomenon in rats plasma.
16302198,Phytochemical phenolics in organically grown vegetables.
16302745,Quantification of lignans in food using isotope dilution gas chromatography/mass spectrometry.
16365056,Rat gastrointestinal tissues metabolize quercetin.
16366672,"Metabolism of the olive oil phenols hydroxytyrosol, tyrosol, and hydroxytyrosyl acetate by human hepatoma HepG2 cells."
16390175,Influence of sample preparation on assay of phenolic acids from eggplant.
16390176,Effect of processing and storage on the stability of flaxseed lignan added to bakery products.
16406442,A rapid LC/MS/MS quantitation assay for naringin and its two metabolites in rats plasma.
16417293,Chlorogenic acids and lactones in regular and water-decaffeinated arabica coffees.
16417324,Ingested delphinidin-3-rutinoside is primarily excreted to urine as the intact form and to bile as the methylated form in rats.
16424119,"Bioavailability is improved by enzymatic modification of the citrus flavonoid hesperidin in humans: a randomized, double-blind, crossover trial."
16441916,"Absorption, tissue distribution and excretion of pelargonidin and its metabolites following oral administration to rats."
16448160,HPLC analysis of sesaminol glucosides in sesame seeds.
16448164,Novel approach to the detection and quantification of phenolic compounds in olive oil based on 31P nuclear magnetic resonance spectroscopy.
16460766,"Applications of LC-MS in the study of the uptake, distribution, metabolism and excretion of bioactive polyphenols from dietary supplements."
16478245,Importance of insoluble-bound phenolics to antioxidant properties of wheat.
16478246,"Genotype and environmental variation in phenolic content, phenolic acid composition, and antioxidant activity of hard spring wheat."
16478275,Urinary excretion of black raspberry (Rubus occidentalis) anthocyanins and their metabolites.
16503558,Antioxidant and free radical scavenging activities of some leafy vegetables.
16507649,"Absorption and metabolism of Astragali radix decoction: in silico, in vitro, and a case study in vivo."
16521176,Identification of nobiletin metabolites in mouse urine.
16536573,Chemical components with health implications in wild and cultivated Mexican common bean seeds (Phaseolus vulgaris L.).
16549449,Sesamin is one of the major precursors of mammalian lignans in sesame seed (Sesamum indicum) as observed in vitro and in rats.
16608197,Evaluation of phenolic compounds in virgin olive oil by direct injection in high-performance liquid chromatography with fluorometric detection.
16608222,Effect of storage on secoiridoid and tocopherol contents and antioxidant activity of monovarietal extra virgin olive oils.
16608240,Antioxidant effect of two virgin olive oils depends on the concentration and composition of minor polar compounds.
16611379,Absorption and metabolism of red orange juice anthocyanins in rats.
16635490,Comparative assessment of distribution of blackcurrant anthocyanins in rabbit and rat ocular tissues.
16675507,Diagnostic performance of urinary resveratrol metabolites as a biomarker of moderate wine consumption.
16702319,Dietary flaxseed supplementation ameliorates inflammation and oxidative tissue damage in experimental models of acute lung injury in mice.
16714374,Pharmacokinetics and metabolism of the flavonoid scutellarin in humans after a single oral administration.
16719534,Procyanidin and catechin contents and antioxidant capacity of cocoa and chocolate products.
16719535,Antioxidant activity and polyphenol and procyanidin contents of selected commercially available cocoa-containing and chocolate products in the United States.
16756343,"In vitro antioxidant activities of barley, husked oat, naked oat, triticale, and buckwheat wastes and their influence on the growth and biomarkers of antioxidant status in rats."
16756378,Polyphenols in wild and weedy Mexican common beans (Phaseolus vulgaris L.).
16786996,Nondestructive determination of lignans and lignan glycosides in sesame seeds by near infrared reflectance spectroscopy.
16787017,"Anthocyanin composition in black, blue, pink, purple, and red cereal grains."
16787018,Chemical composition of selected edible nut seeds.
16787039,Characterization of flavonol conjugates in immature leaves of pak choi [Brassica rapa L. Ssp. chinensis L. (Hanelt.)] by HPLC-DAD and LC-MS/MS.
16787733,Identification and analysis of absorbed and metabolic components in rat plasma after oral administration of 'Shuangdan' granule by HPLC-DAD-ESI-MS/MS.
16794328,Characterization and analysis of sesamolinol diglucoside in sesame seeds.
16810646,Identification of isomeric flavonoid glucuronides in urine and plasma by metal complexation and LC-ESI-MS/MS.
16819902,Comparison of the concentrations of phenolic compounds in olive oils and other plant oils: correlation with antimicrobial activity.
16819912,Determination of flavonoids and phenolics and their distribution in almonds.
16848542,Molecular definition of the taste of roasted cocoa nibs (Theobroma cacao) by means of quantitative studies and sensory experiments.
16861803,Urinary excretion of anthocyanins in humans after cranberry juice ingestion.
16869998,"Absorption, excretion and metabolite profiling of methyl-, glucuronyl-, glucosyl- and sulpho-conjugates of quercetin in human plasma and urine after ingestion of onions."
16870009,Urinary flavonoids and phenolic acids as biomarkers of intake for polyphenol-rich foods.
16881716,Quantitation of volatiles and nonvolatile acids in an extract from coffee beverages: correlation with antioxidant activity.
16898863,"Phytoestrogen content of foods consumed in Canada, including isoflavones, lignans, and coumestan."
16917808,Antioxidants in thermally treated buckwheat groats.
16920843,Bioavailability of isoflavones after ingestion of soy beverages in healthy adults.
16939312,Bioavailability and tissue distribution of anthocyanins in bilberry (Vaccinium myrtillus L.) extract in rats.
16952436,Flavanone metabolism in healthy and tumor-bearing rats.
16968056,Development of analyses by high-performance liquid chromatography and liquid chromatography/tandem mass spectrometry of bilberry (Vaccinium myrtilus) anthocyanins in human plasma and urine.
16968060,Pistachio skin phenolics are destroyed by bleaching resulting in reduced antioxidative capacities.
16968073,Phenolic and volatile compounds of extra virgin olive oil (Olea europaea L. Cv. Cornicabra) with regard to fruit ripening and irrigation management.
16968082,"Phenolic acids in berries, fruits, and beverages."
16988113,Pomegranate juice ellagitannin metabolites are present in human plasma and some persist in urine for up to 48 hours.
17002434,Changes in volatile and phenolic compounds with malaxation time and temperature during virgin olive oil production.
17002444,Antioxidant activities and anthocyanin content of fresh fruits of common fig (Ficus carica L.).
17011103,"Effect of storage, processing and cooking on glucosinolate content of Brassica vegetables."
17015248,The relative contribution of the small and large intestine to the absorption and metabolism of rutin in man.
17025260,Pharmacokinetics and bioavailability of the isoflavone biochanin A in rats.
17031999,Rapid quantification of the phenolic fraction of Spanish virgin olive oils by capillary electrophoresis with UV detection.
17032006,Polyphenolic profiles and antioxidant activities of heartnut (Juglans ailanthifolia Var. cordiformis) and Persian walnut (Juglans regia L.).
17032035,Three-year comparison of the content of antioxidant microconstituents and several quality characteristics in organic and conventionally managed tomatoes and bell peppers.
17044766,Curcumin content of turmeric and curry powders.
17089164,"Tissue distribution in mice and metabolism in murine and human liver of apigenin and tricin, flavones with putative cancer chemopreventive properties."
17090147,"Absorption, metabolism, and antioxidant effects of pomegranate (Punica granatum l.) polyphenols after ingestion of a standardized extract in healthy human volunteers."
17097357,Quantitation of trans-resveratrol and detection of its metabolites in human plasma and urine by high performance liquid chromatography.
17109870,Determination of hydroxycinnamic acids and volatile phenols in wort and beer by isocratic high-performance liquid chromatography using electrochemical detection.
17170057,HPLC-tandem mass spectrometric method to characterize resveratrol metabolism in humans.
17177529,"Flavonoid content of U.S. fruits, vegetables, and nuts."
17199318,Polyphenols and antioxidant capacity of seed coat and cotyledon from Brazilian and Peruvian bean cultivars (Phaseolus vulgaris L.).
17227055,Comparison of extraction methods for the quantification of selected phytochemicals in peanuts (Arachis hypogaea).
17227056,High-amylose corn exhibits better antioxidant activity than typical and waxy genotypes.
17243011,Antioxidant in mango (Mangifera indica L.) pulp.
17250844,"Determination of coumarin, vanillin, and ethyl vanillin in vanilla extract products: liquid chromatography mass spectrometry method development and validation studies."
17253711,"Detection and quantification of glycosylated flavonoid malonates in celery, Chinese celery, and celery seed by LC-DAD-ESI/MS."
17261017,"Quantification of a broad spectrum of lignans in cereals, oilseeds, and nuts."
17307195,Comprehensive two-dimensional liquid chromatography in analysis of Lamiaceae herbs: characterisation and quantification of antioxidant phenolic acids.
17313151,Comparison of various extraction techniques for isolation and determination of isoflavonoids in plants.
17343774,Effect of cooking brassica vegetables on the subsequent hydrolysis and metabolic fate of glucosinolates.
17344491,Continuous intake of polyphenolic compounds containing cocoa powder reduces LDL oxidative susceptibility and has beneficial effects on plasma HDL-cholesterol concentrations in humans.
17353586,Validation of a phytoestrogen food frequency questionnaire with urinary concentrations of isoflavones and lignan metabolites in premenopausal women.
17362030,Rapid reversed phase ultra-performance liquid chromatography analysis of the major cocoa polyphenols and inter-relationships of their concentrations in chocolate.
17367568,Flavanone plasma pharmacokinetics from blood orange juice in human subjects.
17386499,Fast analysis of soy isoflavones by high-performance liquid chromatography with monolithic columns.
17386573,Presence of virgin olive oil phenolic metabolites in human low density lipoprotein fraction: determination by high-performance liquid chromatography-electrospray ionization tandem mass spectrometry.
17391560,Absorption and pharmacokinetics of grapefruit flavanones in beagles.
17407304,Primary and secondary metabolite composition of kernels from three cultivars of Portuguese chestnut (Castanea sativa Mill.) at different stages of industrial transformation.
17439235,A new process to develop a cocoa powder with higher flavonoid monomer content and enhanced bioavailability in healthy humans.
17444230,Compositional changes induced by UV-B radiation treatment of common bean and soybean seedlings monitored by capillary electrophoresis with diode array detection.
17447783,Comment on nutrients and antioxidant molecules in yellow plums (Prunus domestica L.) from conventional and organic productions: a comparative study.
17455952,"Effect of processing on the phytochemical profiles and antioxidant activity of corn for production of masa, tortillas, and tortilla chips."
17468851,Comparison of GC-MS and LC-MS methods for the analysis of antioxidant phenolic acids in herbs.
17492800,Antioxidant activity and antimicrobial effect of berry phenolics--a Finnish perspective.
17499260,Quantitative determination of acetyl glucoside isoflavones and their metabolites in human urine using combined liquid chromatography-mass spectrometry.
17514540,Iodine content in bread and salt in Denmark after iodization and the influence on iodine intake.
17531830,Different radical scavenging tests in virgin olive oil and their relation to the total phenol content.
17533654,The bioavailability of raspberry anthocyanins and ellagitannins in rats.
17542615,effect of dose size on bioavailability of acylated and nonacylated anthocyanins from red cabbage (Brassica oleracea L. Var. capitata).
17548692,"Phase I dose escalation pharmacokinetic study in healthy volunteers of resveratrol, a potential cancer chemopreventive agent."
17550269,Polyphenol composition and antioxidant activity in strawberry purees; impact of achene level and storage.
17579895,"Simultaneous determination of daidzein, equol, genistein and bisphenol A in human urine by a fast and simple method using SPE and GC-MS."
17603172,Isolation and identification of ten metabolites of breviscapine in rat urine.
17623361,Microwave-assisted extraction of the main phenolic compounds in flaxseed.
17709440,Protocatechuic acid is the major human metabolite of cyanidin-glucosides.
17722872,Pomegranate ellagitannin-derived metabolites inhibit prostate cancer growth and localize to the mouse prostate gland.
17766198,Liquid chromatography-electrospray ionization-tandem mass spectrometry for simultaneous analysis of chlorogenic acids and their metabolites in human plasma.
17902624,A new LC/MS/MS rapid and sensitive method for the determination of green tea catechins and their metabolites in biological samples.
17924703,"Changes in the phytochemical composition and profile of raw, boiled, and roasted peanuts."
17975893,Extraction and quantification of phytoestrogens in foods using automated solid-phase extraction and LC/MS/MS.
17979105,Evaluation of propolis polyphenols absorption in humans by liquid chromatography/tandem mass spectrometry.
17990850,Iberian pig as a model to clarify obscure points in the bioavailability and metabolism of ellagitannins in humans.
18069785,Effects of different cooking methods on nutritional and physicochemical characteristics of selected vegetables.
18154874,Investigation of the metabolic fate of dihydrocaffeic acid.
18163563,Lignan content of selected foods from Japan.
18198133,"Chemical composition and oxidative stability of flax, safflower and poppy seed and seed oils."
18205995,Absorption and pharmacokinetics of green tea catechins in beagles.
18211024,Bioavailability of pelargonidin-3-O-glucoside and its metabolites in humans following the ingestion of strawberries with and without cream.
18211025,"Processing and storage effects on monomeric anthocyanins, percent polymeric color, and antioxidant capacity of processed blackberry products."
18241083,Quercetin pharmacokinetics in humans.
18272161,Separation and determination of secoisolariciresinol diglucoside oligomers and their hydrolysates in the flaxseed extract by high-performance liquid chromatography.
18274971,Converting nitrogen into protein--beyond 6.25 and Jones' factors.
18290732,"Quantitative assessment of citric acid in lemon juice, lime juice, and commercially-available fruit juice products."
18298732,Total phenolic content and antioxidant properties of eclipse black beans (Phaseolus vulgaris L.) as affected by processing methods.
18311191,Influence of the metabolic profile on the in vivo antioxidant activity of quercetin under a low dosage oral regimen in rats.
18356330,Chronic dietary intake of plant-derived anthocyanins protects the rat heart against ischemia-reperfusion injury.
18399357,[5-n-alkylresorcinols of whole grain cereals and whole grain cereal products as biomarkers of healthy food].
18412367,Flavanol and flavonol contents of cocoa powder products: influence of the manufacturing process.
18424101,Tissue distribution and excretion of resveratrol in rat after oral administration of Polygonum cuspidatum extract (PCE).
18424596,Quercetin from shallots (Allium cepa L. var. aggregatum) is more bioavailable than its glucosides.
18424598,Anthocyanin excretion by humans increases linearly with increasing strawberry dose.
18433082,Human urinary metabolite profile of tea polyphenols analyzed by liquid chromatography/electrospray ionization tandem mass spectrometry with data-dependent acquisition.
18469255,"Pharmacokinetics of the soybean isoflavone daidzein in its aglycone and glucoside form: a randomized, double-blind, crossover study."
18484765,A liquid chromatography-quadrupole time-of-flight (LC-QTOF)-based metabolomic approach reveals new metabolic effects of catechin in rats fed high-fat diets.
18494496,Comparison of the main bioactive compounds and antioxidant activities in garlic and white and red onions after treatment protocols.
18498706,Identification of metabolites of tectoridin in-vivo and in-vitro by liquid chromatography-tandem mass spectrometry.
18502705,GC-MS methods for metabolic profiling of microbial fermentation products of dietary polyphenols in human and in vitro intervention studies.
18513488,Tissue distribution of isoflavones in ewes after consumption of red clover silage.
18567748,Metabolomics provide new insight on the metabolism of dietary phytochemicals in rats.
18598186,Pomegranate juice and extracts provide similar levels of plasma and urinary ellagitannin metabolites in human subjects.
18603488,Metabolic analysis of four phenolic acids in rat by liquid chromatography-tandem mass spectrometry.
18645999,Urinary excretion of strawberry anthocyanins is dose dependent for physiological oral doses of fresh fruit.
18646002,Influence of glucose on cyanidin 3-glucoside absorption in rats.
18666777,Alkylresorcinols in selected Polish rye and wheat cereals and whole-grain cereal products.
18671400,"Phytoestrogen content of beverages, nuts, seeds, and oils."
18710603,"Absorption, metabolism and excretion of flavanones from single portions of orange fruit and juice and effects of anthropometric variables and contraceptive pill use on flavanone excretion."
18759447,"Effects of different cooking methods on antioxidant profile, antioxidant capacity, and physical characteristics of artichoke."
18789665,Red wine anthocyanins are rapidly absorbed in humans and affect monocyte chemoattractant protein 1 levels and antioxidant capacity of plasma.
18790492,Validation of a reversed phase high performance thin layer chromatographic-densitometric method for secoisolariciresinol diglucoside determination in flaxseed.
18804651,Determination of chlorogenic acid in coffee using a biomimetic sensor based on a new tetranuclear copper(II) complex.
18850580,Identification of key metabolites of tectorigenin in rat urine by HPLC-MS(n).
18951414,Structural identification of novel glucoside and glucuronide metabolites of (-)-epigallocatechin-3-gallate in mouse urine using liquid chromatography/electrospray ionization tandem mass spectrometry.
18979506,"Absorption, metabolism and excretion of Choladi green tea flavan-3-ols by humans."
19007165,Bioavailability and metabolism of orange juice flavanones in humans: impact of a full-fat yogurt.
19083477,"Aspalathin, a flavonoid in Aspalathus linearis (rooibos), is absorbed by pig intestine as a C-glycoside."
19083501,Mangiferin and hesperidin metabolites are absorbed from the gastrointestinal tract of pigs after oral ingestion of a Cyclopia genistoides (honeybush tea) extract.
19095430,Liquid chromatography tandem mass spectrometry identification of proanthocyanidins in rat plasma after oral administration of grape seed extract.
19166298,Bioavailability of anthocyanins from purple carrot juice: effects of acylation and plant matrix.
19166724,Comparison of sample preparation methods for analysis of isoflavones in foodstuffs.
19167481,Resveratrol metabolites in urine as a biomarker of wine intake in free-living subjects: The PREDIMED Study.
19199586,"Absorption, metabolism, and excretion of cider dihydrochalcones in healthy humans and subjects with an ileostomy."
19200098,Viscous food matrix influences absorption and excretion but not metabolism of blackcurrant anthocyanins in rats.
19222029,"Analysis of lignans in Schisandra chinensis and rat plasma by high-performance liquid chromatography diode-array detection, time-of-flight mass spectrometry and quadrupole ion trap mass spectrometry."
19270373,Different profiles of quercetin metabolites in rat plasma: comparison of two administration methods.
19307160,Determination of procyanidins and their metabolites in plasma samples by improved liquid chromatography-tandem mass spectrometry.
19323733,Changes in phenolic content and antioxidant activity of Italian extra-virgin olive oils during storage.
19333587,"Epicatechin, procyanidins, and phenolic microbial metabolites after cocoa intake in humans and rats."
19344756,"""Resveratrol metabolites in urine as biomarker of wine intake in free-living subjects: The PREDIMED Study""."
19363608,Pharmacokinetics and metabolism of the putative cancer chemopreventive agent cyanidin-3-glucoside in mice.
19373603,Phytoestrogen content of cereals and cereal-based foods consumed in the UK.
19415668,Yoghurt impacts on the excretion of phenolic acids derived from colonic breakdown of orange juice flavanones in humans.
19460943,Metabolite profiling of hydroxycinnamate derivatives in plasma and urine after the ingestion of coffee by humans: identification of biomarkers of coffee consumption.
19464238,A highly sensitive and robust UPLC-MS with electrospray ionization method for quantitation of taxifolin in rat plasma.
19468835,Phenolic content and radical scavenging capacity of berries and related jams from certificated area in Serbia.
19517453,Tissue distribution and elimination of sesaminol triglucoside and its metabolites in rat.
19530716,Isoflavonoid content of Hong Kong soy foods.
19558184,Identification and quantification of metabolites of orally administered naringenin chalcone in rats.
19615869,Influence of the surfactant bromide of cetyltrimetyl ammonium in the determination of chlorogenic acid in instant coffee and mate tea samples.
19616930,Anti-inflammatory properties of a pomegranate extract and its metabolite urolithin-A in a colitis rat model and the effect of colon inflammation on phenolic metabolism.
19625746,Bioavailability of gallic acid and catechins from grape seed polyphenol extract is improved by repeated dosing in rats: implications for treatment in Alzheimer's disease.
19653220,Tissue distribution of anthocyanins in rats fed a blackberry anthocyanin-enriched diet.
19653227,"The C-glycosyl flavonoid, aspalathin, is absorbed, methylated and glucuronidated intact in humans."
19671472,Targeted metabolic profiling of phenolics in urine and plasma after regular consumption of cocoa by liquid chromatography-tandem mass spectrometry.
19688816,LC-MS/MS method for the simultaneous determination of ethyl gallate and its major metabolite in rat plasma.
19710188,The pharmacokinetic behavior of the soy isoflavone metabolite S-(-)equol and its diastereoisomer R-(+)equol in healthy adults determined by using stable-isotope-labeled tracers.
19754154,An LC-MS-based metabolomics approach for exploring urinary metabolome modifications after cocoa consumption.
19765952,Bioavailability of catechins from ready-to-drink tea.
19776178,The pharmacokinetics of S-(-)equol administered as SE5-OH tablets to healthy postmenopausal women.
19795379,Simultaneous quantification of oleuropein and its metabolites in rat plasma by liquid chromatography electrospray ionization tandem mass spectrometry.
19812218,A metabolite profiling approach to identify biomarkers of flavonoid intake in humans.
19831402,"Phenolic content, composition, antioxidant activity, and their changes during domestic cooking of potatoes."
19839583,Profile of plasma and urine metabolites after the intake of almond [Prunus dulcis (Mill.) D.A. Webb] polyphenols in humans.
19879819,Quantitative analysis of plasma caffeic and ferulic acid equivalents by liquid chromatography tandem mass spectrometry.
19904935,Antioxidant and alpha-glucosidase inhibitory activity of colored grains in China.
19910516,Isolation and identification of urinary metabolites of kakkalide in rats.
19956999,Polyamines and cellular metabolism in plants: transgenic approaches reveal different responses to diamine putrescine versus higher polyamines spermidine and spermine.
20030330,"Anthocyanin absorption, metabolism, and distribution from a wild blueberry-enriched diet (Vaccinium angustifolium) is affected by diet duration in the Sprague-Dawley rat."
20033417,"No effect of the farming system (organic/conventional) on the bioavailability of apple (Malus domestica Bork., cultivar Golden Delicious) polyphenols in healthy men: a comparative study."
20041649,Green tea flavan-3-ols: colonic degradation and urinary excretion of catabolites by humans.
20052972,Urinary excretion of phenolic acids in rats fed cranberry.
20054475,"Effects of genetic, pre- and post-harvest factors on phenolic content and antioxidant capacity of white asparagus spears."
20055410,Jam processing and storage effects on blueberry polyphenolics and antioxidant capacity.
20067656,Absorption of red clover isoflavones in human subjects: results from a pilot study.
20080030,Bioavailability and catabolism of green tea flavan-3-ols in humans.
20088510,Identification of metabolites in human plasma and urine after consumption of a polyphenol-rich juice drink.
20089783,Elevated circulating LDL phenol levels in men who consumed virgin rather than refined olive oil are associated with less oxidation of plasma LDL.
20100371,"Absorption, conjugation and excretion of the flavanones, naringenin and hesperetin from alpha-rhamnosidase-treated orange juice in human subjects."
20125185,"Relative bioavailability of the flavonoids quercetin, hesperetin and naringenin given simultaneously through diet."
20136444,Strawberry consumption is associated with increased antioxidant capacity in serum.
20164315,Disposition of soy isoflavones in normal human breast tissue.
20187646,Thermal treatment of eggplant (Solanum melongena L.) increases the antioxidant content and the inhibitory effect on human neutrophil burst.
20218618,Bioavailability of anthocyanins and ellagitannins following consumption of raspberries by healthy humans and subjects with an ileostomy.
20218674,"Effect of different cooking methods on color, phytochemical concentration, and antioxidant capacity of raw and frozen brassica vegetables."
20222713,Effect of milk on the urinary excretion of microbial phenolic acids after cocoa powder consumption in humans.
20441150,Concentration and solubility of flavanones in orange beverages affect their bioavailability in humans.
20492152,Antioxidant activity in barley (Hordeum Vulgare L.) grains roasted in a microwave oven under conditions optimized using response surface methodology.
20521274,Bioavailability of multiple components following acute ingestion of a polyphenol-rich juice drink.
20560624,Stability of cocoa antioxidants and flavan-3-ols over time.
20593828,Variability in the distribution of phenolic compounds in milled fractions of chickpea and horse gram: evaluation of their antioxidant properties.
20681657,Effects of roasting on taste-active compounds of Turkish hazelnut varieties ( Corylus avellana L.).
20735138,Evaluation of phenolic profile and antioxidant properties of Pardina lentil as affected by industrial dehydration.
20836172,Infusions of Portuguese medicinal plants: Dependence of final antioxidant capacity and phenol content on extraction features.
21033710,Processing and storage effects on the ellagitannin composition of processed blackberry products.
21118053,"Antioxidant capacity and phytochemical content of herbs and spices in dry, fresh and blended herb paste form."
21299221,"Profiles of carotenoids, anthocyanins, phenolics, and antioxidant activity of selected color waxy corn grains during maturation."
21327968,"Phase II-inducing, polyphenols content and antioxidant capacity of corn (Zea mays L.) from phenotypes of white, blue, red and purple colors processed into masa and tortillas."
21434687,The impact of packaging materials on the antioxidant phytochemical stability of aqueous infusions of green tea (Camellia sinensis) and yaupon holly (Ilex vomitoria) during cold storage.
21520448,The effect of postharvest ripening on strawberry bioactive composition and antioxidant potential.
21535712,"Antioxidant activity, total phenolics content, anthocyanin, and color stability of isotonic model beverages colored with Andes berry (Rubus glaucus Benth) anthocyanin powder."
21815609,Dietary alkylresorcinols and lignans in the Spanish diet: development of the alignia database.
21819081,Changes in phenolic content of tomato products during storage.
21958361,"Effect of drying of figs (Ficus carica L.) on the contents of sugars, organic acids, and phenolic compounds."
21969304,"Storage effects on anthocyanins, phenolics and antioxidant activity of thermally processed conventional and organic blueberries."
22131187,"Effects of industrial tomato paste processing on ascorbic acid, flavonoids and carotenoids and their stability over one-year storage."
22329891,Lipase-catalyzed synthesis of structured phenolic lipids in solvent-free system using flaxseed oil and selected phenolic acids as substrates.
22417344,Effect of thermal and high-pressure processing on the nutritional value and quality attributes of a nectarine purÃ©e with industrial origin during the refrigerated storage.
22439822,Pharmacokinetics of quercetin absorption from apples and onions in healthy humans.
23094941,Comparison of quercetin pharmacokinetics following oral supplementation in humans.
23140692,"Phenolic composition and free radical scavenging activity of different apple varieties in relation to the cultivar, tissue type and storage."
23442648,"Content, composition, and stereochemical characterisation of lignans in berries and seeds."
23944941,Bioactive molecules and antioxidant activity in durum wheat grains and related millstream fractions.
24180593,"Urinary excretion of phenolic acids in rats fed cranberry, blueberry, or black raspberry powder."
24472704,Effect of single-dose and short-term administration of quercetin on the pharmacokinetics of talinolol in humans - Implications for the evaluation of transporter-mediated flavonoid-drug interactions.
24476215,Phenolics and antioxidant activity of Saskatoon berry (Amelanchier alnifolia) pomace extract.
24812440,Identification and quantification of flavonoids of Mexican oregano (Lippia graveolens) by LC-DAD-ESI/MS analysis.
25213947,Changes in phenolic profile and antioxidant activity during production of diced tomatoes.
25410263,Soluble and cell wall-bound phenolic acids and ferulic acid dehydrodimers in rye flour and five bread model systems: insight into mechanisms of improved availability.
25863606,"Determination of flavonol glycosides in green tea, oolong tea and black tea by UHPLC compared to HPLC."
25988261,The Influence of Single-Dose and Short-Term Administration of Quercetin on the Pharmacokinetics of Midazolam in Humans.
26003363,Effect of hydrothermal treatment on the antioxidant properties of broccoli (Brassica oleracea var. botrytis italica) florets.
26047292,Phenolic glucosides in bread containing flaxseed.
26050172,Composition and properties of flaxseed phenolic oligomers.
26059144,"Total and individual carotenoids and phenolic acids content in fresh, refrigerated and processed spinach (Spinacia oleracea L.)."
26256608,"Simultaneous Determination of Trigonelline, Caffeine, Chlorogenic Acid and Their Related Compounds in Instant Coffee Samples by HPLC Using an Acidic Mobile Phase Containing Octanesulfonate."
26731977,Determination of 5-caffeoylquinic acid (5-CQA) as one of the major classes of chlorogenic acid in commercial tea and coffee samples.
26974974,Influence of Berry Heterogeneity on Phenolics and Antioxidant Activity of Grapes and Wines: A Primary Study of the New Winegrape Cultivar Meili (Vitis vinifera L.).
27383390,"Comment on Comparison of the Total Phenolic and Ascorbic Acid Content of Freeze-Dried and Air-Dried Marionberry, Strawberry, and Corn Grown Using Conventional, Organic, and Sustainable Agricultural Practices."
28814820,Flavonoid content and antioxidant activity of vegetables from Indonesia.
29159445,Probiotic Properties and Cellular Antioxidant Activity of Lactobacillus plantarum MA2 Isolated from Tibetan Kefir Grains.
29438306,"Comparative Analysis of Chemical Composition, Antioxidant Activity and Quantitative Characterization of Some Phenolic Compounds in Selected Herbs and Spices in Different Solvent Extraction Systems."
29514441,"Anthocyanin and proanthocyanidin contents, antioxidant activity, and in situ degradability of black and red rice grains."
29857550,Enhanced Antioxidant Activity of Bioactives in Colored Grains by Nano-Carriers in Human Lens Epithelial Cells.
30768747,"Determination of chlorogenic acid, polyphenols and antioxidants in green coffee by thin-layer chromatography, effect-directed analysis and dot blot - comparison to HPLC and spectrophotometry methods."
31021401,Bulk storage of mango (Mangifera indica L.) and pineapple (Ananas comosus L.) pulp: effect of pulping and storage temperature on phytochemicals and antioxidant activity.
31194907,Effect of In Vitro Digestion on Phytochemical Profiles and Cellular Antioxidant Activity of Whole Grains.
31207923,Procedure to Estimate Added and Free Sugars in Food Items from the Swedish Food Composition Database Used in the National Dietary Survey Riksmaten Adolescents 2016-17.
31639094,Anticancer effects of olive oil polyphenols and their combinations with anticancer drugs.
31766503,The Extra-Virgin Olive Oil Polyphenols Oleocanthal and Oleacein Counteract Inflammation-Related Gene and miRNA Expression in Adipocytes by Attenuating NF-ÎºB Activation.
31802495,NMR spectroscopy: a powerful tool for the analysis of polyphenols in extra virgin olive oil.
32052628,Influence of Horizontal Centrifugation Processes on the Content of Phenolic Secoiridoids and Their Oxidized Derivatives in Commercial Olive Oils: An Insight by Liquid Chromatography-High-Resolution Mass Spectrometry and Chemometrics.
32093014,Impact of Fermentation on the Phenolic Compounds and Antioxidant Activity of Whole Cereal Grains: A Mini Review.
32093046,Extra Virgin Olive Oil Polyphenols: Modulation of Cellular Pathways Related to Oxidant Species and Inflammation in Aging.
32468462,Olive Oil Polyphenols in Neurodegenerative Pathologies.
32560064,Reliable Discrimination of Green Coffee Beans Species: A Comparison of UV-Vis-Based Determination of Caffeine and Chlorogenic Acid with Non-Targeted Near-Infrared Spectroscopy.
32707882,Chemical Profile and Antibacterial Activity of a Novel Spanish Propolis with New Polyphenols also Found in Olive Oil and High Amounts of Flavonoids.
32723184,Stimulation of brown adipose tissue by polyphenols in extra virgin olive oil.
32731125,"The phenolic compounds profile, quantitative analysis and antioxidant activity of four naked barley grains with different color."
33008005,Screen-Printed Electrode-Based Sensors for Food Spoilage Control: Bacteria and Biogenic Amines Detection.
33087962,Influence of pomegranate seed extract on the formation of biogenic amines in a cereal based fermented food: Tarhana.
33319523,Recent advances in heterocyclic aromatic amines: An update on food safety and hazardous control from food processing to dietary intake.
33418895,Biogenic Amines' Content in Safe and Quality Food.
33466567,Oleocanthal Quantification Using (1)H NMR Spectroscopy and Polyphenols HPLC Analysis of Olive Oil from the Bianchera/Belica Cultivar.
33546278,Effects of Extra Virgin Olive Oil Polyphenols on Beta-Cell Function and Survival.
33857834,Oxygenated carbon nanotubes cages coated solid-phase microextraction fiber for selective extraction of migrated aromatic amines from food contact materials.
33993075,The effect of processing and cooking on glucoraphanin and sulforaphane in brassica vegetables.
34053537,Biogenic amines levels in food processing: Efforts for their control in foodstuffs.
34180235,Potential of Olive Oil Mill Wastewater as a Source of Polyphenols for the Treatment of Skin Disorders: A Review.
34199037,Reduction of the Heterocyclic Amines in Grilled Beef Patties through the Combination of Thermal Food Processing Techniques without Destroying the Grilling Quality Characteristics.
34202671,Extra Virgin Olive Oil Extracts Modulate the Inflammatory Ability of Murine Dendritic Cells Based on Their Polyphenols Pattern: Correlation between Chemical Composition and Biological Function.
34276738,Phenolics Profile and Antioxidant Activity Analysis of Kiwi Berry (Actinidia arguta) Flesh and Peel Extracts From Four Regions in China.
34333170,Determination of 6 biogenic amines in food using high-performance liquid chromatography-tandem mass spectrometry without derivatization.
34375430,Presence of Biogenic Amines in Food and Their Public Health Implications: A Review.
34532014,"Rapid and simultaneous determination of trigonelline, caffeine, and chlorogenic acid in green coffee bean extract."
34655830,HPLC-potentiometric method for determination of biogenic amines in alcoholic beverages: A reliable approach for food quality control.
34681414,Contents of Polyamines and Biogenic Amines in Canned Pet (Dogs and Cats) Food on the Austrian Market.
34716791,"Extra virgin olive oil high in polyphenols improves antioxidant status in adults: a double-blind, randomized, controlled, cross-over study (OLIVAUS)."
34836087,"Polyphenols, the Healthy Brand of Olive Oil: Insights and Perspectives."
34893796,USDA's FoodData Central: what is it and why is it needed today?
34942961,Effect of the Olive Oil Extraction Process on the Formation of Complex Pectin-Polyphenols and Their Antioxidant and Antiproliferative Activities.
35075094,"Polyphenols, Olive oil and Colonrectal cancer: the effect of Mediterranean Diet in the prevention."
35077989,Establishment of optimal QuEChERS conditions of various food matrices for rapid measurement of heterocyclic amines in various foods.
35118668,"Using texture analyzer to characterize pecan and olive oil tactile properties, compare to viscometer analysis, and link to fatty acid profile and total polyphenols."
35159513,Recovery of Polyphenols from Agri-Food By-Products: The Olive Oil and Winery Industries Cases.
35233696,Ultra-high-performance liquid chromatography-atmospheric pressure ionization-tandem mass spectrometry method for the migration studies of primary aromatic amines from food contact materials.
35247070,Assessment of aromatic amides in printed food contact materials: analysis of potential cleavage to primary aromatic amines during simulated passage through the gastrointestinal tract.
35341532,Selective recognition of ammonia and aliphatic amines by C-N fused phenazine derivative: A hydrogel based smartphone assisted 'opto-electronic nose' for food spoilage evaluation with potent anti-counterfeiting activity and a potential prostate cancer biomarker sensor.
35457645,Consumption of Thermally Processed Meat Containing Carcinogenic Compounds (Polycyclic Aromatic Hydrocarbons and Heterocyclic Aromatic Amines) versus a Risk of Some Cancers in Humans and the Possibility of Reducing Their Formation by Natural Food Additives-A Literature Review.
35523909,Silica nanolayer coated capillary by hydrothermal sol-gel process for amines separation and detection of tyramine in food products.
35544979,On the modeling and optimization of two-phase olive-oil washing wastewater treatment and polyphenols recovery by ceramic tubular microfiltration membranes.
35661363,Phenolics in buckwheat hull extracts and their antioxidant activities on bulk oil and emulsions.
35717346,"Corrigendum to ""Hydrogen-rich water can reduce the formation of biogenic amines in butter"" [Food Chemistry, 384 (2022) 132613]."
35804731,The Tower of Babel of Pharma-Food Study on Extra Virgin Olive Oil Polyphenols.
35933782,A sensitive ratiometric fluorescent sensor based on carbon dots and CdTe quantum dots for visual detection of biogenic amines in food samples.
35956521,Effect of Wheat Crop Nitrogen Fertilization Schedule on the Phenolic Content and Antioxidant Activity of Sprouts and Wheatgrass Obtained from Offspring Grains.
35986999,A review of the currently developed analytical methods for the determination of biogenic amines in food products.
36230020,"Physicochemical Characteristics, Antioxidant Activities, and Aroma Compound Analysis of Seven Peach Cultivars (Prunus persica L. Batsch) in Shihezi, Xinjiang."
36380245,New terbium complex as a luminescent probe for determination of chlorogenic acid in green coffee and roasted coffee infusions.
36428559,Anti-Inflammatory Activity of Olive Oil Polyphenols-The Role of Oleacein and Its Metabolites.
